"delta","mean_lret","sd_lret","mean_InvLam","sd_InvLam"
0.20468,0.0012931397706721262,0.020315340160366416,0.0153569567470876,0.698872008410086
